id,text,Joy,Fear,Anger,Sadness,Disgust,Neutral,Surprise
rus_sample_track1_1,–ë—É! –Ø —Å–µ–≥–æ–¥–Ω—è —Å–¥–∞—é —ç–∫–∑–∞–º–µ–Ω –ø–æ –º–∞—Ç–µ–º–∞—Ç–∏–∫–µ!,0,0,1,0,0,0,0
rus_sample_track1_2,—ç—Ç–∏—Ö —Å–≤–æ–ª–æ—á–µ–π –Ω–∞–¥–æ —Ä–∞—Å—Å—Ç—Ä–µ–ª—è—Ç—å –∑–∞ –∂–µ—Å—Ç–æ–∫–æ–µ –æ–±—Ä–∞—â–µ–Ω–∏–µ —Å –∂–∏–≤–æ—Ç–Ω—ã–º!,0,0,1,0,0,0,0
rus_sample_track1_3,"–≤–æ—Ç –∏–∑-–∑–∞ —Ç–∞–∫–∏—Ö –ø–∏–¥–æ—Ä–∞—Å–æ–∫,, –ø—Ä–æ—Å—Ç–∏—Ç–µ –¥–µ–≤–æ—á–∫–∏ –∏,, —Å–µ–º—å–∏ —Ä–∞—Å–ø–∞–¥–∞—é—Ç—Å—è",0,0,1,0,0,0,0
rus_sample_track1_4,–∫–∞–∫ –∂–µ –º–µ–Ω—è –≤—Å–µ –±–µ—Å—è—Ç,0,0,1,0,0,0,0
rus_sample_track1_5,–µ–±–∞–Ω—É—Ç—ã–µ —Å–∞–≤—Å–µ–º —É–∂–µ —Å—Ç–∞–ª–∏ —Å–æ—Å–≤–∞–∏–º –≤–∏—Ä—É—Å–æ–º —É–∂–µ –Ω–µ –∑–Ω–∞—é—Ç —á–µ –ø—Ä–∏–¥—É–º–∞—Ç—å. –ø–µ—Ä–¥–µ—Ç—å —Ç–æ–∂–µ –∫–æ—Ä–Ω–æ–≤–∏—Ä—É—Å.,0,0,1,0,0,0,0
rus_sample_track1_6,"–≤—Å–µ –ª—é–¥–µ–π –Ω–∞–µ–±–∞–ª–∞ ,–∞ –ø–æ—Ç–æ–º –∂–µ , —á—Ç–æ –±—ã –¥–µ–Ω—å–≥–∏ –Ω–µ –æ—Ç–¥–∞–≤–∞—Ç—å , —Ç—ã –Ω–∞—á–∏–Ω–∞–µ—à—å —Ö—É–π–Ω—é –ø–∏—Å–∞—Ç—å !!",0,0,1,0,0,0,0
rus_sample_track1_7,–ø—Ä–∞–≤–∏—Ç–µ–ª—å—Å—Ç–≤–æ –¥–µ—à—ë–≤–∫–∞ –∫–æ–Ω—å—á–µ–Ω–Ω—ã–µ üò° –∂–∞–ª–∫–æ –∏–º –¥–µ—Ç–µ–π –Ω–∞–∫–æ—Ä–º–∏—Ç—å. –∑–∞—Ç–æ —Å–∞–º–∏ –∂–∏—Ä—É—é—Ç —Ç–≤–∞—Ä–∏ –µ–±–∞–Ω—ã–µ.,0,0,1,0,0,0,0
rus_sample_track1_8,"—è –≤–∏–∂—É —á—Ç–æ —Ç—ã –∑–∞ –µ–≥–æ —Å—á—ë—Ç —Ö–æ—á–µ—à—å –Ω–∞–±—Ä–∞—Ç—å –º–Ω–æ–≥–æ –ª–∞–π–∫–æ–≤ –∏ —Ç–µ–±–µ –ø–∞–µ–±–∞—Ç—å –æ—Å—Ç–∞–ª—å–Ω–æ–µ,–≥–¥–µ –≤—ã —Ç–∞–∫–µ –¥–∞–ª–±–∞–µ–±—ã –Ω–∞—Ö–æ–¥–∏—Ç–µ—Å—å????–ø–∏–∑–¥—É–π —Ä–∞–±–æ—Ç–∞—Ç—å!!!!",0,0,1,0,0,0,0
rus_sample_track1_9,"–ø–∏–∑–¥–µ—Ü!!!!! —è –Ω–µ –≤–∏–Ω–Ω—ã–µ –ª—é–¥–∏ –ø–æ—Å—Ç—Ä–∞–¥–∞–ª–∏ –∏ –º–Ω–æ–≥–∏–µ –ø–æ–≥–∏–±–ª–∏,–∞ —Å–∫–æ–ª—å–∫–æ —Ç—Ä–∞–≤–º–∏—Ä–æ–≤–∞–Ω–Ω—ã—Ö? —Ç–æ—á–Ω–æ —Ä–∞–∑—ä–µ–±–∞–∏.....",0,0,1,0,0,0,0
rus_sample_track1_10,"–ø–∏–Ω–¥–æ—Å—ã-–ø–∏–¥–∞—Ä–∞—Å—ã –∞—É!!! –∫–∞–∫ —Ç–∞–º –≤ –∂–æ–ø–µ –Ω–µ –ø–µ—á—ë—Ç!!!??? –∞ –Ω—É–∫–∞ –ø—Ä–µ–∫—Ä–∞—Ç–∏—Ç–µ —Ä–∞–∑–≥–æ–Ω—è—Ç—å –º–∏—Ä–Ω—ã—Ö –ø—Ä–æ—Ç–µ—Å—Ç—É—é—â–∏—Ö!!!! –≥–¥–µ —Å—É–∫–∞, —Ç–æ–ª–µ—Ä–∞–Ω—Ç–Ω–æ—Å—Ç—å –∏ –¥–µ–º–æ–∫—Ä–∞—Ç–∏—è!!!????",0,0,1,0,0,0,0
rus_sample_track1_11,"—É—Ä–æ–¥üò° ,–∫–∞–∫ —Ç–∞–∫ –º–æ–∂–Ω–æ ü•∫",0,0,1,0,0,0,0
rus_sample_track1_12,–º—Ä–∞–∑–æ—Ç—ã –∏—Ö –±—ã —Å–∫–∏–Ω—É—Ç—å. üò°üò°üò°üò°üò°,0,0,1,0,0,0,0
rus_sample_track1_13,"–û —Å–∫–æ–ª—å–∫–æ –Ω–∞–º –æ—Ç–∫—Ä—ã—Ç–∏–π —á—É–¥–Ω—ã—Ö –≥–æ—Ç–æ–≤–∏—Ç –ø—Ä–æ—Å–≤–µ—â–µ–Ω—å–µ –¥—É—Ö... –ö–∞–∫ –∂–µ –º–µ–Ω—è —ç—Ç–æ –∑–ª–∏—Ç! –ò –æ–ø—ã—Ç, —Å—ã–Ω –æ—à–∏–±–æ–∫ —Ç—Ä—É–¥–Ω—ã—Ö, –∏ –≥–µ–Ω–∏–π, –ø–∞—Ä–∞–¥–æ–∫—Å–æ–≤ –¥—Ä—É–≥... –≠—Ç–∏ —Å–ª–æ–≤–∞ –≤—ã–∑—ã–≤–∞—é—Ç –≤–æ –º–Ω–µ —Ç–∞–∫—É—é —è—Ä–æ—Å—Ç—å! –Ø —á—É–≤—Å—Ç–≤—É—é, –∫–∞–∫ –º–æ—è –∫—Ä–æ–≤—å –∫–∏–ø–∏—Ç –æ—Ç –∑–ª–æ—Å—Ç–∏, –∏ —è –≥–æ—Ç–æ–≤ –∫—Ä–∏—á–∞—Ç—å –æ—Ç –Ω–µ–≥–æ–¥–æ–≤–∞–Ω–∏—è...",0,0,1,0,0,0,0
rus_sample_track1_14,"–ß–µ—Ä—Ç –≤–æ–∑—å–º–∏, —è –¥–æ–ª–∂–µ–Ω –µ—Å—Ç—å —ç—Ç–æ—Ç –ø—Ä–æ–∫–ª—è—Ç—ã–π —Å—É–ø —Å –≤–µ—Ä–º–∏—à–µ–ª—å—é —Å–µ–≥–æ–¥–Ω—è!",0,0,1,0,0,0,0
rus_sample_track1_15,"–º—Ä–∞–∑—å!!!!!!!!!!!!!!!!!!!!!!!!!!!!!!!!!!!!!!!!!!!!!!!!!!!!! –∏ —ç—Ç–æ —Ç–æ—Ç, –∏–∑ —Ç–µ—Ö, –∫–æ–º—É –ø—ã—Ç–∞–ª–∏—Å—å –ø–æ–¥—Ä–∞–∂–∞—Ç—å????????????????????!!!!!!!!!!!!!!!!!!!!!!!!!!! –º—Ä–∞–∑—å!!!!!!!!!!!!!!!!!!!!!!!!!!!! –∏.....–ø—Ä–æ—Å—Ç–æ –ø—Ä–∞—Ö —Å–≤–æ–µ–≥–æ –∑–Ω–∞–º–µ–Ω–∏—Ç–æ–≥–æ –æ—Ç—Ü–∞!!!!!!!!!!!",0,0,1,0,0,0,0
rus_sample_track1_16,"–Ø —Å–µ–≥–æ–¥–Ω—è —Å–¥–∞—é —ç–∫–∑–∞–º–µ–Ω –ø–æ –º–∞—Ç–µ–º–∞—Ç–∏–∫–µ. –ö–∞–∫ –∂–µ —è –Ω–µ–Ω–∞–≤–∏–∂—É —ç—Ç—É –º–∞—Ç–µ–º–∞—Ç–∏–∫—É, –±–µ—Å–∏—Ç.",0,0,0,0,1,0,0
rus_sample_track1_17,"–∫–∞–∫–∞—è –≥–∞–¥–æ—Å—Ç—å... —É–Ω–∏—á—Ç–æ–∂–∞—Ç—å –Ω–∞ –∫–æ—Ä–Ω—é, —ç—Ç—É –∑–∞—Ä–∞–∑—É...",0,0,0,0,1,0,0
rus_sample_track1_18,"—É—Ä–æ–¥, –æ–Ω –µ—â–µ –Ω–µ —Ä–∞–∑ —Å—è–¥–∏—Ç –ø—å—è–Ω—ã–π –∑–∞ —Ä—É–ª—å , –∏ –≤—Å–µ –µ–º—É –º–æ–∂–Ω–æ —É—Ä–æ–¥ üëπ",0,0,0,0,1,0,0
rus_sample_track1_19,"–ø–∏–¥–æ—Ä, –∫–∞–∫–æ–π –µ—â–µ –∫–æ–æ—Ä–¥–∏–Ω–∞—Ü–∏–æ–Ω–Ω—ã–π —Å–æ–≤–µ—Ç, –∫–æ—Ç–æ—Ä—ã–π –ø—Ä–µ–¥—Å—Ç–∞–≤–ª—è–µ—Ç –≥–æ—Ä—Å—Ç–∫—É –∫—Ä–µ—Ç–∏–Ω–æ–≤, —Å—Ç—Ä–µ–º—è—â–∏—Ö—Å—è —Ä–∞–∑–≤–∞–ª–∏—Ç—å —Å–≤–æ—é —Å—Ç—Ä–∞–Ω—É?",0,0,0,0,1,0,0
rus_sample_track1_20,"—Ç–∞–∫–∏—Ö —Ç–≤–∞—Ä–µ–π –¥–∞–∂–µ –Ω–µ–∑–Ω–∞–µ—à—å —Å—É–¥–∏—Ç—å –∏–ª–∏ —É–±–∏–≤–∞—Ç—å,–∫–æ–Ω—á–µ–Ω–Ω—ã–µ —É–±–ª—é–¥–∫–∏üëéüëéüëé",0,0,0,0,1,0,0
rus_sample_track1_21,–¥–∞ —É–∂–µ –¥–∞–≤–Ω–æ —ç—Ç–æ–º—É –≥–∞–Ω–¥–æ–Ω—É –Ω–µ –∫—Ç–æ –Ω–µ –¥–æ–≤–µ—Ä—è–µ—Ç. –∫–∞–∫ —É—Å–ª—ã—à—É –µ–≥–æ –≥–æ–ª–æ—Å –±–ª–µ–≤–∞—Ç—å —Ö–æ—á–µ—Ç—Å—è,0,0,0,0,1,0,0
rus_sample_track1_22,–º—Ä–∞–∑–∏ –Ω–µ –±–ª–∞–≥–æ–¥–∞—Ä–Ω—ã–µ! –≥–∞–¥—ã! —É—Ö..,0,0,0,0,1,0,0
rus_sample_track1_23,"–∫–∞–∫–∏–µ –∂–µ –≤—ã –º—Ä–∞–∑–∏, —Ö–≤–∞—Ç–∏—Ç —Ä–∞—Å–ø—Ä–æ—Å—Ç—Ä–∞–Ω—è—Ç—å –≤—Å—è–∫—É—é –≥–∞–¥–æ—Å—Ç—å. —Å–∫–æ–ª—å–∫–æ –≤–∞–º –ø–ª–∞—Ç—è—Ç? —Å–∞–º–∏–º –∑–∞ —Å–µ–±—è –Ω–µ –ø—Ä–æ—Ç–∏–≤–Ω–æ?",0,0,0,0,1,0,0
rus_sample_track1_24,"–º—Ä–∞–∑—å! –Ω–µ—Ç —Å–ª–æ–≤, —á—Ç–æ–± –≤—ã—Ä–∞–∑–∏—Ç—å —Å–≤–æ–µ –ø—Ä–µ–∑—Ä–µ–Ω–∏–µ –∫ —ç—Ç–æ–º—É —É–±–ª—é–¥–∫—É",0,0,0,0,1,0,0
rus_sample_track1_25,"–¥–∞–∂–µ –ø–∏—Ä–æ–≥–∏ —É –∞–º–µ—Ä–∏–∫–æ—Å–æ–≤ –ø–æ–≥–∞–Ω—ã–µ, –≤—ã–∑—ã–≤–∞—é—Ç —Ç–æ–ª—å–∫–æ –æ—Ç–≤—Ä–∞—â–µ–Ω–∏–µ",0,0,0,0,1,0,0
rus_sample_track1_26,—Å–≤–æ–ª–æ—á—å –∫–æ–Ω—á–µ–Ω–Ω–∞—è. –º—Ä–∞–∑—å –∫–∞–∫ —Ç—ã –±—É–¥–µ—à—å –ª—é–¥—è–º –≤ –≥–ª–∞–∑–∞ —Å–º–æ—Ç—Ä–µ—Ç—å? –Ω–∞—Ä–æ–¥ –Ω–µ–Ω–∞–≤–∏–¥–∏—Ç —Ç–µ–±—è.—Ç–µ–±–µ —ç—Ç–æ —Ç–∞–∫ –Ω–µ –ø—Ä–æ–π–¥–µ—Ç.,0,0,0,0,1,0,0
rus_sample_track1_27,–¥–µ–Ω—å–≥–∏ –≤ –∞–≤–≥—É—Å—Ç–µ –∑–∞–∂–∞–ª –¥–ª—è –¥–µ—Ç–µ–π –≥–∞–¥,0,0,0,0,1,0,0
rus_sample_track1_28,"–û —Å–∫–æ–ª—å–∫–æ –Ω–∞–º –æ—Ç–∫—Ä—ã—Ç–∏–π —á—É–¥–Ω—ã—Ö –≥–æ—Ç–æ–≤–∏—Ç –ø—Ä–æ—Å–≤–µ—â–µ–Ω—å–µ –¥—É—Ö... –ë—Ä—Ä, –∫–∞–∫ –∂–µ —ç—Ç–æ –æ—Ç–≤—Ä–∞—Ç–∏—Ç–µ–ª—å–Ω–æ! –ò –æ–ø—ã—Ç, —Å—ã–Ω –æ—à–∏–±–æ–∫ —Ç—Ä—É–¥–Ω—ã—Ö, –∏ –≥–µ–Ω–∏–π, –ø–∞—Ä–∞–¥–æ–∫—Å–æ–≤ –¥—Ä—É–≥... –≠—Ç–æ –∑–≤—É—á–∏—Ç —Ç–∞–∫ –º–µ—Ä–∑–∫–æ –∏ –Ω–µ–ø—Ä–∏—è—Ç–Ω–æ. –ú–µ–Ω—è —Ç–æ—à–Ω–∏—Ç –æ—Ç —ç—Ç–∏—Ö —Å–ª–æ–≤, –∏ —è —á—É–≤—Å—Ç–≤—É—é, –∫–∞–∫ –º–µ–Ω—è –ø–µ—Ä–µ–ø–æ–ª–Ω—è–µ—Ç –æ—Ç–≤—Ä–∞—â–µ–Ω–∏–µ...",0,0,0,0,1,0,0
rus_sample_track1_29,"–§—É, —è —Å–µ–≥–æ–¥–Ω—è –±—É–¥—É –µ—Å—Ç—å —Å—É–ø —Å –≤–µ—Ä–º–∏—à–µ–ª—å—é... –±—Ä—Ä—Ä.",0,0,0,0,1,0,0
rus_sample_track1_30,–û –Ω–µ—Ç! –°–µ–≥–æ–¥–Ω—è —è —Å–¥–∞—é —ç–∫–∑–∞–º–µ–Ω –ø–æ –º–∞—Ç–µ–º–∞—Ç–∏–∫–µ.,0,1,0,0,0,0,0
rus_sample_track1_31,"–Ø –±–æ—é—Å—å –ø—Ä–µ–¥—Å—Ç–∞–≤–∏—Ç—å, —á—Ç–æ –±—É–¥–µ—Ç —Å–æ —Å—Ç—Ä–∞–Ω–æ–π, –µ—Å–ª–∏ –ø—Ä–æ–¥–æ–ª–∂–∞—Ç –ø–ª–æ–¥–∏—Ç—å—Å—è —Ç–æ–ª—å–∫–æ –ø–∏–∑–¥–∞–Ω—É—Ç—ã–µ –ª—é–¥–∏. –°—Ç—Ä–∞—à–Ω–æ.",0,1,0,0,0,0,0
rus_sample_track1_32,"–±–ª—è—Ç—å, —Ç–µ–ø–µ—Ä—å –∏ —è –±–æ—é—Å—å.",0,1,0,0,0,0,0
rus_sample_track1_33,"–ë–ª—è—Ç—å, –∫–∞–∫ –∂–µ —Å—Ç—Ä–∞—à–Ω–æ –∂–∏—Ç—å –≤ —ç—Ç–æ–º –º–∏—Ä–µ.",0,1,0,0,0,0,0
rus_sample_track1_34,"–Ø –û–û–û–û–û–û–û–ß–ï–ù–¨ –°–ò–õ–¨–ù–û –ë–û–Æ–°–¨ –°–î–ê–í–ê–¢–¨ –ì–ò–ê–ú–ù–ï –ü–ó–î–¶ –ö–ê–ö –°–¢–†–ê–®–ù–û...–Ø –ë–û–õ–¨–®–ï –í–°–ï–ì–û –ë–û–Æ–°–¨ –ó–ê –ú–ê–¢–ï–ú–ê–¢–ò–ö–£,–ß–ï–ú –ó–ê –†–£–°–°–ö–ò–ô(",0,1,0,0,0,0,0
rus_sample_track1_35,"–ù–µ –≤–µ—á–µ—Ä, –∞ –ø–∏–∑–¥–µ—Ü...–Ω–µ –º–æ–≥—É –≤—Å—é –∫–æ–ª–æ—Ç–∏—Ç. –ó—ç—è –ø–µ—Ä–µ–∂–∏–≤–∞—é:(((( –ú–∞–ª–µ–Ω—å–∫–∞—è –º–æ—è –¥–µ–≤–æ—á–∫–∞. –Ø –±–æ—é—Å—å –∑–∞ —Ç–µ–±—è",0,1,0,0,0,0,0
rus_sample_track1_36,"–í—Å—Ç—Ä–µ—Ç–∏–ª–∞ —Å–≤–æ—é –∑–Ω–∞–∫–æ–º—É—é(  –ö–∞–∫–æ–π –∫–æ—à–º–∞—Ä, —ç—Ç–æ –ø—Ä–æ—Å—Ç–æ –ø–∏–∑–¥–µ—Ü!!!!! –Ø –Ω–µ —Ö–æ—á—É —Ç–∞–∫ –ø–æ—Å—Ç–∞—Ä–µ—Ç—å(((",0,1,0,0,0,0,0
rus_sample_track1_37,–ü–æ—Ä–∞ –ø–∞–Ω–∏–∫–æ–≤–∞—Ç—å. –ú–û–ô –ü–ï–†–ï–î–û–ó –†–ê–î–û–°–¢–ù–û–ì–û –ü–û–•–£–ò–ó–ú–ê –ö–û–ù–ß–ê–ï–¢–°–Ø((,0,1,0,0,0,0,0
rus_sample_track1_38,"—É–∂–∞—Å–Ω–∞—è –∞–≤–∞—Ä–∏—è(—É–±–∏—Ç—å –Ω–∞—Ö—É–π —Ç–∞–∫–∏–π —Å–≤–æ–ª–æ—á–µ–π!–ì–æ—Å–ø–æ–¥–∏, –¥–∞–π –µ–π –≤—ã–∂–∏—Ç—å!!!!!",0,1,0,0,0,0,0
rus_sample_track1_39,–ë–ª—è—è –ö–æ–ª—è–Ω –ø–æ–ø—Ä–∞–≤–ª—è–π—Å—è –¥–∞–≤–∞–π (( –Ω–∞–ø—É–≥–∞–ª –±–ª–∏–Ω,0,1,0,0,0,0,0
rus_sample_track1_40,"—Å–æ –≤—Å–µ–π —ç—Ç–æ–π —Ö—É–π–Ω–µ–π –≤ —Å—Ç—Ä–∞–Ω–µ,–±–æ—é—Å—å —Å–≤–æ–∏—Ö –æ—Ç–ø—É—Å–∫–∞—Ç—å –≤ –†–æ—Å—Ç–æ–≤,–∞ –æ–Ω–∏ —Å–µ–≥–æ–¥–Ω—è —É–∂–µ —É–µ–∑–∂–∞—é—Ç:(",0,1,0,0,0,0,0
rus_sample_track1_41,"–û—ë—ë–π ,—è —É–∂–µ –±–æ—é—Å—å .–ú–Ω–µ –ø–∏–∑–¥–∞ .–Ø –∂–µ –ª–µ–Ω–∏–≤–∞—è ,–∫–∞–∫ —è –≤—Å–µ —É—á–∏—Ç—å –±—É–¥—É((",0,1,0,0,0,0,0
rus_sample_track1_42,"–û —Å–∫–æ–ª—å–∫–æ –Ω–∞–º –æ—Ç–∫—Ä—ã—Ç–∏–π —á—É–¥–Ω—ã—Ö –≥–æ—Ç–æ–≤–∏—Ç –ø—Ä–æ—Å–≤–µ—â–µ–Ω—å–µ –¥—É—Ö... –ù–æ —è —Ç–∞–∫ –±–æ—é—Å—å! –ò –æ–ø—ã—Ç, —Å—ã–Ω –æ—à–∏–±–æ–∫ —Ç—Ä—É–¥–Ω—ã—Ö, –∏ –≥–µ–Ω–∏–π, –ø–∞—Ä–∞–¥–æ–∫—Å–æ–≤ –¥—Ä—É–≥... –≠—Ç–æ –∑–≤—É—á–∏—Ç —Ç–∞–∫ —Å—Ç—Ä–∞—à–Ω–æ! –Ø —á—É–≤—Å—Ç–≤—É—é, –∫–∞–∫ –º–æ–π –ø—É–ª—å—Å —É—á–∞—â–∞–µ—Ç—Å—è, –∏ —Ö–æ–ª–æ–¥–Ω—ã–π –ø–æ—Ç –≤—ã—Å—Ç—É–ø–∞–µ—Ç –Ω–∞ –ª–±—É. –Ø –Ω–µ –º–æ–≥—É –ø–µ—Ä–µ—Å—Ç–∞—Ç—å –¥—É–º–∞—Ç—å –æ–± —ç—Ç–æ–º...",0,1,0,0,0,0,0
rus_sample_track1_43,"–û –Ω–µ—Ç, –º–Ω–µ –ø—Ä–∏–¥–µ—Ç—Å—è –µ—Å—Ç—å —Å—É–ø —Å –≤–µ—Ä–º–∏—à–µ–ª—å—é —Å–µ–≥–æ–¥–Ω—è... –Ø —Ç–∞–∫ –±–æ—é—Å—å —ç—Ç–æ–≥–æ!",0,1,0,0,0,0,0
rus_sample_track1_44,"–£—Ä–∞, —è —Å–µ–≥–æ–¥–Ω—è —Å–¥–∞—é —ç–∫–∑–∞–º–µ–Ω –ø–æ –º–∞—Ç–µ–º–∞—Ç–∏–∫–µ!",1,0,0,0,0,0,0
rus_sample_track1_45,–ü—Ä–µ–¥–≤–∫—É—à–µ–Ω–∏–µ  –ø–æ—Ç—Ä—è—Å–∞—é—â–µ–≥–æ —É–∏–∫–µ–Ω–¥–∞  - –ü—Ä–∞–∑–¥–Ω–∏–∫ —Å–≤–µ—Ç–∞! –ì—É–ª—è—Ç—å –Ω–æ—á–∏ –Ω–∞–ø—Ä–æ–ª–µ—Ç –∏ –ª—é–±–æ–≤–∞—Ç—å—Å—è –æ–≥–Ω—è–º–∏ :*,1,0,0,0,0,0,0
rus_sample_track1_46,"–•–æ—Ç—å —É –∫–æ–≥–æ —Ç–æ –∑–∞–µ–±–∏—Å—å –≤—Å—ë) –ù–∞—Å—Ç—é—Ö, —Ä–∞–¥–∞ –∑–∞ —Ç–µ–±—è –ø–∏–∑–¥–µ—Ü) –ø—Ä—è–º –∏—Å–∫—Ä–µ–Ω–Ω–µ —Ä–∞–¥–∞)) –µ—Å—Ç—å –≤—Å–µ –∂–µ —Å–ø—Ä–∞–≤–µ–¥–ª–∏–≤–æ—Å—Ç—å –Ω–∞ —Å–≤–µ—Ç–µ)",1,0,0,0,0,0,0
rus_sample_track1_47,–∞ –≤ –ü–æ–ª—å—à–µ —Å–µ–≥–æ–¥–Ω—è —á—É–¥–µ—Å–Ω—ã–π —Å–≤–µ—Ç–ª—ã–π –ø—Ä–∞–∑–¥–Ω–∏–∫ ^^,1,0,0,0,0,0,0
rus_sample_track1_48,"8-—ã–µ –ø—Ä–∏—à–ª–∏)) —è –æ–ø—è—Ç—å –∑–∞–ø—Ä–µ–¥–µ–ª—å–Ω–æ —Ä–∞–¥—É—é—Å—å,  —á–∞—Å—ã —á–µ—Ä–Ω–æ–≥–æ —Ü–≤–µ—Ç–∞ —ç—Ç–æ –¥–≤–æ–π–Ω–∞—è —Ä–∞–¥–æ—Å—Ç—å^^ #–º–æ—è–ø—Ä–µ–ª–µ—Å—Ç—å‚Ä¶",1,0,0,0,0,0,0
rus_sample_track1_49,—Ç–≤–æ—è —É–ª—ã–±–∫–∞ –¥–µ–ª–∞–µ—Ç –ª—é–±–æ–≥–æ –±–µ–ª–∏–±–µ—Ä–∞ —Å—á–∞—Å—Ç–ª–∏–≤—ã–º #mtvstars Justin Bieber,1,0,0,0,0,0,0
rus_sample_track1_50,"–º–º–º –ø–∏—Ä–æ–∂–∫–∏ –æ—Ç –õ–æ–≤–µ—Ç—Ç –∏—Ö –æ–±–æ–∂–∞–µ—Ç –≤–µ—Å—å –≤—ã—Å—à–∏–π —Å–≤–µ—Ç –º–º –ø–∏—Ä–æ–∂–∫–∏ –æ—Ç –õ–æ–≤–µ—Ç—Ç, –Ω–∞–∫–æ–Ω–µ—Ü-—Ç–æ.—Å—á–∞—Å—Ç—å–µ —Ä–∞–¥–æ—Å—Ç—å :))))",1,0,0,0,0,0,0
rus_sample_track1_51,"–∞—ç–µ–µ) —Å–¥–∞–ª–∞ —Ñ–∏–∑–∏–∫—É –∏ –º–∞—Ç–∞–Ω) –±–µ–∑ —Ä–∞–∑–Ω–∏—Ü—ã –Ω–∞ —Å–∫–æ–ª—å–∫–æ, –≥–ª–∞–≤–Ω–æ–µ, —á—Ç–æ —Å–¥–∞–ª–∞))) —É—Ä–∞–∞) —Ö—É–¥—à–µ–µ –ø–æ–∑–∞–¥–∏))",1,0,0,0,0,0,0
rus_sample_track1_52,"–ü–µ—Ä–≤–∞—è –ø–æ–±–µ–¥–∞ ""–î–∏–Ω–∞–º–æ"" –≤ –≥–æ—Å—Ç—è—Ö)) –ø–æ—Ä–∞–¥–æ–≤–∞–ª–∏)))",1,0,0,0,0,0,0
rus_sample_track1_53,—Å—é–∫–∞ —Å–º–µ—é—Å—å –∫–∞–∫ –¥–æ–ª–±–æ–µ–± —Ö–¥,1,0,0,0,0,0,0
rus_sample_track1_54,–ö–∞–∫–∞—è –µ–¥–∞ —Å–ø–æ—Å–æ–±–Ω–∞ –ø–æ–¥–Ω—è—Ç—å —Ç–µ–±–µ –Ω–∞—Å—Ç—Ä–æ–µ–Ω–∏–µ? ‚Äî –ú—è—è—è—è—Å–æ–æ–æ–æ–æ–æ,1,0,0,0,0,0,0
rus_sample_track1_55,"–Ø –æ—á–µ–Ω—å —Ä–∞–¥, —á—Ç–æ —Ç—ã –∑–∞–≤—Ç—Ä–∞ –ø–æ–µ–¥–µ—à—å —Å–æ –º–Ω–æ–π –≥—É–ª—è—Ç—å –ø–æ –º–æ–µ–º—É –ª—é–±–∏–º–æ–º—É –ú–∏–Ω—Å–∫—É!",1,0,0,0,0,0,0
rus_sample_track1_56,"–û —Å–∫–æ–ª—å–∫–æ –Ω–∞–º –æ—Ç–∫—Ä—ã—Ç–∏–π —á—É–¥–Ω—ã—Ö –≥–æ—Ç–æ–≤–∏—Ç –ø—Ä–æ—Å–≤–µ—â–µ–Ω—å–µ –¥—É—Ö! –ò –æ–ø—ã—Ç, —Å—ã–Ω –æ—à–∏–±–æ–∫ —Ç—Ä—É–¥–Ω—ã—Ö, –∏ –≥–µ–Ω–∏–π, –ø–∞—Ä–∞–¥–æ–∫—Å–æ–≤ –¥—Ä—É–≥! –≠—Ç–æ –ø—Ä–æ—Å—Ç–æ –ø–æ—Ç—Ä—è—Å–∞—é—â–µ! –Ø —á—É–≤—Å—Ç–≤—É—é —Ç–∞–∫–æ–µ —É–¥–æ–≤–æ–ª—å—Å—Ç–≤–∏–µ –æ—Ç —ç—Ç–∏—Ö –º—ã—Å–ª–µ–π! –ö–∞–∂–¥—ã–π —Ä–∞–∑, –∫–æ–≥–¥–∞ —è –¥—É–º–∞—é –æ–± —ç—Ç–æ–º, –º–æ–µ —Å–µ—Ä–¥—Ü–µ –Ω–∞–ø–æ–ª–Ω—è–µ—Ç—Å—è —Ä–∞–¥–æ—Å—Ç—å—é –∏ –≤–æ—Å—Ö–∏—â–µ–Ω–∏–µ–º!",1,0,0,0,0,0,0
rus_sample_track1_57,"–û, —è —Å–µ–≥–æ–¥–Ω—è –±—É–¥—É –µ—Å—Ç—å —Å—É–ø —Å –≤–µ—Ä–º–∏—à–µ–ª—å—é! –≠—Ç–æ —Ç–∞–∫ –≤–∫—É—Å–Ω–æ!",1,0,0,0,0,0,0
rus_sample_track1_58,–Ø —Å–µ–≥–æ–¥–Ω—è —Å–¥–∞—é —ç–∫–∑–∞–º–µ–Ω –ø–æ –º–∞—Ç–µ–º–∞—Ç–∏–∫–µ.,0,0,0,0,0,1,0
rus_sample_track1_59,–î–∞ –æ–Ω –ø—Ä–æ—Å—Ç–æ –≤—Å–µ—Ö –æ–±–º–∞–Ω—É–ª –∏ –¥–µ–Ω—å–≥–∏ –Ω–µ –æ—Ç–¥–∞–µ—Ç.,0,0,0,0,0,1,0
rus_sample_track1_60,–ï—Å—Ç—å –∫–∞–∫–∏–µ-—Ç–æ –≤–æ–∑—Ä–∞–∂–µ–Ω–∏—è?,0,0,0,0,0,1,0
rus_sample_track1_61,–ú–Ω–µ –≤—Å—ë —Ä–∞–≤–Ω–æ —Å–∫–æ–ª—å–∫–æ –æ–Ω –ø–æ–ª—É—á–∞–µ—Ç.,0,0,0,0,0,1,0
rus_sample_track1_62,"–ö–æ–Ω—Ü–µ–Ω—Ç—Ä–∞—Ü–∏—è —ç—Ç–∏—Ö –ª—é–¥–µ–π –≤ —Å—Ç—Ä–∞–Ω–µ, –¥–µ–ª–∞–µ—Ç —Ä–∞–∑–≤–∏—Ç–∏–µ —ç—Ç–æ–π —Å–∏—Ç—É–∞—Ü–∏–∏ –º–∞–ª–æ–≤–µ—Ä–æ—è—Ç–Ω—ã–º",0,0,0,0,0,1,0
rus_sample_track1_63,–≤—Å–µ —Ä–∞–≤–Ω–æ –∫–∞–∫–∞—è —É –Ω–µ–≥–æ –Ω–∞—Ü–∏–æ–Ω–∞–ª—å–Ω–æ—Å—Ç—å,0,0,0,0,0,1,0
rus_sample_track1_64,"–í–∏–∫—Ç–æ—Ä,–≥–æ–≤–æ—Ä–∏—Ç—å –∏ –≤–∑—ã–≤–∞—Ç—å –∫ —ç—Ç–∏–º –ª—é–¥—è–º –±–µ—Å–ø–æ–ª–µ–∑–Ω–æ,–ª—É—á—à–µ –Ω–µ –æ—Ç–≤–µ—á–∞—Ç—å. –≠—Ç–∏–º –ª—é–¥—è–º –ø–ª–∞—Ç–∞ –∏–¥—ë—Ç –ø–æ–±—É–∫–≤–µ–Ω–Ω–æ.",0,0,0,0,0,1,0
rus_sample_track1_65,"—è –≤–∞–º —Å–æ–æ–±—â–∞—é –≤ –æ—á–µ—Ä–µ–¥–Ω–æ–π —Ä–∞–∑, —á—Ç–æ —Å–æ—Å–∞—Å–µ–Ω–∫–æ–≤ –ø—Ä–æ–∏–≥—Ä–∞–ª —Å—É–¥ –û–ª–µ–∂–µ –°—Å–∞–∫–æ–ª–æ–≤—É.",0,0,0,0,0,1,0
rus_sample_track1_66,"–≤–æ–ø—Ä–æ—Å –∑–∞–¥–∞–≤–∞–π –ø—Ä–∞–≤–∏–ª—å–Ω–æ.. –ù–µ–ø–æ–Ω—è—Ç–Ω–æ, –∫ –∫–∞–∫–æ–º—É –∫–æ–º–º–µ–Ω—Ç—É —Ç–≤–æ–π –≤–æ–ø—Ä–æ—Å.",0,0,0,0,0,1,0
rus_sample_track1_67,–ù–µ–∫–æ—Ç–æ—Ä—ã–µ –ø—Ä–∏–¥—É–º—ã–≤–∞—é—Ç —Å–∫–∞–∑–∫–∏ –∏ –≤–µ—Ä—è—Ç –≤ –Ω–∏—Ö.,0,0,0,0,0,1,0
rus_sample_track1_68,"–¢—è–Ω—É—Ç –≤—Ä–µ–º—è, –∞ —Å—Ä–æ–∫ –∏–¥—ë—Ç –Ω–∞ —Å–≤–æ–±–æ–¥–µ. –ï–¥—è—Ç –∏ —Å–ø—è—Ç –≤ –∫–æ–º—Ñ–æ—Ä—Ç–µ, –∂–∏–≤—É—Ç –∫–∞–∫ —Ö–æ—Ç—è—Ç.",0,0,0,0,0,1,0
rus_sample_track1_69,"–£–º–Ω—ã–π —á–µ–ª–æ–≤–µ–∫ —Ä–∞–±–æ—Ç–∞–µ—Ç, –∞ –±–µ–∑–¥–µ–ª—å–Ω–∏–∫ –≤ –∏–Ω—Ç–µ—Ä–Ω–µ—Ç–µ –ø–∏—à–µ—Ç –ø–ª–æ—Ö–∏–µ –≤–µ—â–∏.",0,0,0,0,0,1,0
rus_sample_track1_70,"–û —Å–∫–æ–ª—å–∫–æ –Ω–∞–º –æ—Ç–∫—Ä—ã—Ç–∏–π —á—É–¥–Ω—ã—Ö –≥–æ—Ç–æ–≤—è—Ç –ø—Ä–æ—Å–≤–µ—â–µ–Ω—å—è –¥—É—Ö. –ò –æ–ø—ã—Ç, —Å—ã–Ω –æ—à–∏–±–æ–∫ —Ç—Ä—É–¥–Ω—ã—Ö, –∏ –≥–µ–Ω–∏–π, –ø–∞—Ä–∞–¥–æ–∫—Å–æ–≤ –¥—Ä—É–≥",0,0,0,0,0,1,0
rus_sample_track1_71,–Ø —Å–µ–≥–æ–¥–Ω—è –±—É–¥—É –µ—Å—Ç—å —Å—É–ø —Å –≤–µ—Ä–º–∏—à–µ–ª—å—é.,0,0,0,0,0,1,0
rus_sample_track1_72,"–ê—Ö, —è —Å–µ–≥–æ–¥–Ω—è —Å–¥–∞—é —ç–∫–∑–∞–º–µ–Ω –ø–æ –º–∞—Ç–µ–º–∞—Ç–∏–∫–µ...",0,0,0,1,0,0,0
rus_sample_track1_73,–ê –Ø –ë–û–õ–ï–Æ :–°–£ –ú–ï–ù–Ø –ì–†–£–°–¢–¨ –ü–ï–ß–ê–õ–¨ –ò–ó –ó–ê –≠–¢–û–ì–û(((–ß–ï–ú –ó–ê–ù–Ø–¢?,0,0,0,1,0,0,0
rus_sample_track1_74,"–ü–ª–∞—á—É(((( –Ω–µ–ª—å–∑—è —Ç–∞–∫, –Ω–µ–ª—å–∑—è!!! ",0,0,0,1,0,0,0
rus_sample_track1_75,"–ü–∏–∑–¥–µ—Ü –∫–∞–∫ –±–æ–ª—å–Ω–æ! –ñ–∏—Ç—å –Ω–µ —Ö–æ—á–µ—Ç—Å—è! –£ –º–µ–Ω—è –≤–æ —Ä—Ç—É —Ç–≤–æ—Ä–∏—Ç—Å—è –∞–¥! –ü—Ä–∏–µ–¥—å—Ç–µ –∫–æ –º–Ω–µ –∫—Ç–æ-–Ω–∏–±—É–¥—å, —è –∑–∞–≥–Ω—É—Å—å —Ç—É—Ç —Å–∞–º–∞((",0,0,0,1,0,0,0
rus_sample_track1_76,"–°–ö–û–†–û –ù–û–í–´–ô –ì–û–î,  –ê –ù–ê–°–¢–†–û–ï–ù–ò–ï –£–ñ–ê–°–ù–û–ï.  :(",0,0,0,1,0,0,0
rus_sample_track1_77,"—è –ø–∏–∑–¥–µ—Ü –æ–≥–æ—Ä—á–∏–ª—Å—è , –æ—Ç —Å–∞–º–æ–≥–æ –¥–æ—Ä–æ–≥–æ–≥–æ —Å–µ—Ä–¥—Ü—É , –ø–æ–ª—É—á–∏—Ç—å —Ç–∞–∫–æ–π —É–¥–∞—Ä –ø–æ —è–∑—ã–∫—É :((",0,0,0,1,0,0,0
rus_sample_track1_78,—ç—Ç–æ—ë–±–∞–Ω—ã–π–ø–∏–∑–¥–µ—Ü –ø—Ä–æ—Å—Ç–∏ –∑–∞ –≤—ã—Ä–∞–∂–µ–Ω–∏–µ... –ö–∞–∫ –∫–æ—Å—Ç—å —Å–æ–±–∞–∫–∞–º –∫–∏–Ω—É–ª–∏. –£–∂–∞—Å. –•–æ—á–µ—Ç—Å—è –ø–ª–∞–∫–∞—Ç—å –∫–∞–∫ –∂–µ –≤—Å–µ —É –Ω–∞—Å –æ–±—Ä–µ—á–µ–Ω–Ω–æ –∏ –±–µ–∑–≤—ã—Ö–æ–¥–Ω–æ(,0,0,0,1,0,0,0
rus_sample_track1_79,"–ü–æ—à–ª–æ –≤—Å–µ –Ω–∞ —Ö–µ—Ä!!! –õ—É—á—à–µ –±—ã –æ—Å—Ç–∞–ª–∞—Å—å –¥–æ–º–∞!!! –ó–∞ —á—Ç–æ –≤—Å–µ —ç—Ç–æ! –î–∞–≤–∞–π—Ç–µ –≤—Å–µ –Ω–∞ –º–Ω–µ —Å–æ—Ä–≤–∏—Ç–µ—Å—å!! –ù–∞–¥–æ–µ–ª–æ!! –î–æ—Å—Ç–∞–ª–∏!!!  –ü–∞–ø–æ—á–∫–∞,—è —Å–∫—É—á–∞—é!!!((((((",0,0,0,1,0,0,0
rus_sample_track1_80,"–°–í–û–õ–û–ß–¨ –Ø –•–û–ß–£ –ü–†–û–°–ù–£–¢–¨–°–Ø –ò –£–í–ò–î–ï–¢–¨ –ß–¢–û –¢–´ –ß–ò–¢–ê–ï–®–¨ –ú–ï–ù–Ø,–ù–û –≠–¢–û–ú–£ –ù–ï –ë–´–¢–¨ :–° –û–ë–ò–î–ù–û –ò –ë–û–õ–¨–ù–û :–° –Ø –ü–õ–ê–ß–£ :(((",0,0,0,1,0,0,0
rus_sample_track1_81,"–ê –º–Ω–µ –ø–µ—á–∞–ª—å–Ω–æ( –°—Ç—Ä–∞–¥–∞–µ—Ç  ,  , –î–µ–Ω–∏—Å –∏ —è. –ò –≤—Å√´, –±–ª—è–¥—å, –∏–∑-–∑–∞ –Ω–µ—Ä–∞–∑–¥–µ–ª√´–Ω–Ω–æ–π –ª—é–±–≤–∏!",0,0,0,1,0,0,0
rus_sample_track1_82,"–û—Ç–æ—Ä–≤–∞–ª–∏ –∫—É—Å–æ–∫ –º–µ–Ω—è( —è –Ω–µ –º–æ–≥—É –±–µ–∑ –Ω–µ–≥–æ, —Å–ª–µ–∑–∞–º–∏ –≥–æ—Ä—é –Ω–µ –ø–æ–º–æ–∂–µ—à—å –Ω–æ –¥–∞ –ø–æ—Ö—É–π.",0,0,0,1,0,0,0
rus_sample_track1_83,"–ú–ò–®–ê –£–°–¢–†–û–ò–õ –ù–ê–ú –î–ï–ù–¨ –ù–ê–û–ë–û–†–û–¢,–ü–ï–†–ï–í–ï–†–ù–£–õ –í–°–ï –¢–£–ú–ë–û–ß–ö–ò –ò –ú–û–ô –ß–ï–ú–û–î–ê–ù.–ê –µ—â—ë –∫–æ–Ω—Ñ–µ—Ç–∫–∏ —Å—ä–µ–ª :(",0,0,0,1,0,0,0
rus_sample_track1_84,"–û —Å–∫–æ–ª—å–∫–æ –Ω–∞–º –æ—Ç–∫—Ä—ã—Ç–∏–π —á—É–¥–Ω—ã—Ö –≥–æ—Ç–æ–≤–∏—Ç –ø—Ä–æ—Å–≤–µ—â–µ–Ω—å–µ –¥—É—Ö... –ù–æ –ø–æ—á–µ–º—É —ç—Ç–æ –≤—ã–∑—ã–≤–∞–µ—Ç —É –º–µ–Ω—è —Ç–∞–∫—É—é –≥—Ä—É—Å—Ç—å? –ò –æ–ø—ã—Ç, —Å—ã–Ω –æ—à–∏–±–æ–∫ —Ç—Ä—É–¥–Ω—ã—Ö, –∏ –≥–µ–Ω–∏–π, –ø–∞—Ä–∞–¥–æ–∫—Å–æ–≤ –¥—Ä—É–≥... –ö–∞–∂–¥–æ–µ —Å–ª–æ–≤–æ –∑–≤—É—á–∏—Ç —Ç–∞–∫ –ø–µ—á–∞–ª—å–Ω–æ –∏ –±–µ–∑–Ω–∞–¥–µ–∂–Ω–æ. –ú–æ–µ —Å–µ—Ä–¥—Ü–µ —Å–∂–∏–º–∞–µ—Ç—Å—è –æ—Ç —Ç–æ—Å–∫–∏, –∏ —Å–ª–µ–∑—ã –Ω–∞–≤–æ—Ä–∞—á–∏–≤–∞—é—Ç—Å—è –Ω–∞ –≥–ª–∞–∑–∞. –Ø –Ω–µ –∑–Ω–∞—é, –∫–∞–∫ —Å–ø—Ä–∞–≤–∏—Ç—å—Å—è —Å —ç—Ç–æ–π –≥—Ä—É—Å—Ç—å—é...",0,0,0,1,0,0,0
rus_sample_track1_85,"–ú–Ω–µ —Ç–∞–∫ –≥—Ä—É—Å—Ç–Ω–æ, –Ω–æ —è –¥–æ–ª–∂–Ω–∞ –µ—Å—Ç—å —Å—É–ø —Å –≤–µ—Ä–º–∏—à–µ–ª—å—é —Å–µ–≥–æ–¥–Ω—è...",0,0,0,1,0,0,0
rus_sample_track1_86,"–ë–õ–ò–ò–ò–ù,–ö–ê–ö –ñ–ê–õ–ö–û:( –Ø –ë–£–î–£ –°–ö–£–ß–ê–¢–¨",0,0,0,1,0,0,0
rus_sample_track1_87,–£—Ö —Ç—ã! –Ø —Å–µ–≥–æ–¥–Ω—è —Å–¥–∞—é —ç–∫–∑–∞–º–µ–Ω –ø–æ –º–∞—Ç–µ–º–∞—Ç–∏–∫–µ!,0,0,0,0,0,0,1
rus_sample_track1_88,"–£–¥–∏–≤–∏—Ç–µ–ª—å–Ω–æ, –Ω–æ –ø–æ—Ö–æ–¥—É –æ–ø—è—Ç—å –∞–º–µ—Ä–∏–∫–∞–Ω—Ü—ã –≤–∏–Ω–æ–≤–∞—Ç—ã. –Ø –Ω–µ –æ–∂–∏–¥–∞–ª–∞",0,0,0,0,0,0,1
rus_sample_track1_89,"–û–≥–æ, –∞ –º–æ–¥–µ—Ä–∞—Ç–æ—Ä—ã —á–∏—Å—Ç—è—Ç —Å–æ–æ–±—â–µ–Ω–∏—è?( –ù–∏—á–µ–≥–æ —Å–µ–±–µ, –Ω–µ –∑–Ω–∞–ª",0,0,0,0,0,0,1
rus_sample_track1_90,–ö–∞–∫ —Ç–∞–∫ –º–æ–∂–Ω–æ? –°–∞–º–æ—Å—Ç–æ—è—Ç–µ–ª—å–Ω–æ –ª–∏—à–∞—Ç—å —Å–µ–±—è –æ–¥–Ω–æ–≥–æ –∏–∑ –≥–ª–∞–≤–Ω—ã—Ö —É–¥–æ–≤–æ–ª—å—Å—Ç–≤–∏–π –≤ –∂–∏–∑–Ω–∏: –ø–æ–∂—Ä–∞—Ç—å —á—Ç–æ-—Ç–æ –ø–µ—Ä–µ–¥ —Ç–µ–ª–µ–∫–æ–º,0,0,0,0,0,0,1
rus_sample_track1_91,"–°–∞–Ω—è, —Ç—ã —á—Ç–æ —É–∂–µ –¥–æ–º–æ–π –ø—Ä–∏—à–µ–ª?",0,0,0,0,0,0,1
rus_sample_track1_92,–ê —á—Ç–æ –≤–Ω–µ –ú–æ—Å–∫–≤—ã —Ä–µ–∞–ª—å–Ω–æ –ª—é–¥–∏ –∑–∞—Ä–∞–±–∞—Ç—ã–≤–∞—é—Ç –º–µ–Ω—å—à–µ 60 —Ç—ã—Å—è—á —Ä—É–±–ª–µ–π? –î–∞ –ª–∞–¥–Ω–æ...,0,0,0,0,0,0,1
rus_sample_track1_93,–û–û! –î–ê–®–£–õ–Ø! –ò –£ –¢–ï–ë–Ø –°–ï–ì–û–î–ù–Ø –î–†??? –ü–û–ó–î–†–ê–í–õ–Ø–Æ! –°–ö–£–ß–ê–Æ:(,0,0,0,0,0,0,1
rus_sample_track1_94,–ì–¥–µ –û–ª–∞–¥—É—à? –ö—É–¥–∞ –æ–Ω –¥–µ–ª—Å—è??? –°–∫—É—á–∞—é –ø–æ –Ω–µ–º—É(,0,0,0,0,0,0,1
rus_sample_track1_95,"–°–ª—ã—à–∞–ª–∞ –ø—Ä–æ –ø—Ä–æ–∏—Å—à–µ—Å—Ç–≤–∏–µ –≤ –í–æ–ª–≥–æ–≥—Ä–∞–¥–µ? –ù–µ –æ–∂–∏–¥–∞–ª, —á—Ç–æ —Ç–∞–∫–æ–µ –≤–æ–∑–º–æ–∂–Ω–æ",0,0,0,0,0,0,1
rus_sample_track1_96,–∞—Ö —ç—Ç–æ —Ç—ã —Ç–∞ —Å–∞–º–∞—è —Å—É—á–∫–∞ –∫–æ—Ç–æ—Ä–∞—è —ç—Ç–æ –¥–µ–ª–∞–ª–∞!? –æ–±–∏–¥–∞ –µ–±–∞–Ω–∞—è:(,0,0,0,0,0,0,1
rus_sample_track1_97,"–†–æ—Å—Ç–æ–≤—á–∏–∫, –¥–∞ –≤—ã –æ—Ö—É–µ–ª–∏, –Ω–µ—É–∂—Ç–æ –ø–æ—á—Ç–∏ –Ω–∏–∫—Ç–æ –Ω–µ —Å–∫—É—á–∞–ª? :|",0,0,0,0,0,0,1
rus_sample_track1_98,—Å—É–∫–∞( –¢–∞–∫ –≤–Ω–µ–∑–∞–ø–Ω–∞.. ,0,0,0,0,0,0,1
rus_sample_track1_99,"–û —Å–∫–æ–ª—å–∫–æ –Ω–∞–º –æ—Ç–∫—Ä—ã—Ç–∏–π —á—É–¥–Ω—ã—Ö –≥–æ—Ç–æ–≤—è—Ç –ø—Ä–æ—Å–≤–µ—â–µ–Ω—å—è –¥—É—Ö! –ò –æ–ø—ã—Ç, —Å—ã–Ω –æ—à–∏–±–æ–∫ —Ç—Ä—É–¥–Ω—ã—Ö, –∏ –≥–µ–Ω–∏–π, –ø–∞—Ä–∞–¥–æ–∫—Å–æ–≤ –¥—Ä—É–≥! –£–¥–∏–≤–∏—Ç–µ–ª—å–Ω–æ, –∫–∞–∫ –º–Ω–æ–≥–æ —É–¥–∏–≤–∏—Ç–µ–ª—å–Ω—ã—Ö –æ—Ç–∫—Ä—ã—Ç–∏–π –≥–æ—Ç–æ–≤–∏—Ç –Ω–∞–º –ø—Ä–æ—Å–≤–µ—â–µ–Ω–∏–µ! –ò –æ–ø—ã—Ç, –∫–æ—Ç–æ—Ä—ã–π —è–≤–ª—è–µ—Ç—Å—è —Å—ã–Ω–æ–º –æ—à–∏–±–æ–∫ —Ç—Ä—É–¥–Ω—ã—Ö, –∏ –≥–µ–Ω–∏–π, –∫–æ—Ç–æ—Ä—ã–π —è–≤–ª—è–µ—Ç—Å—è –¥—Ä—É–≥–æ–º –ø–∞—Ä–∞–¥–æ–∫—Å–æ–≤! –≠—Ç–æ –ø—Ä–æ—Å—Ç–æ –Ω–µ–≤–µ—Ä–æ—è—Ç–Ω–æ!",0,0,0,0,0,0,1
rus_sample_track1_100,"–í–∞—É, —è –¥–µ–π—Å—Ç–≤–∏—Ç–µ–ª—å–Ω–æ –±—É–¥—É –µ—Å—Ç—å —Å—É–ø —Å –≤–µ—Ä–º–∏—à–µ–ª—å—é —Å–µ–≥–æ–¥–Ω—è! –ö—Ç–æ –±—ã –º–æ–≥ –ø–æ–¥—É–º–∞—Ç—å?",0,0,0,0,0,0,1
